order_id,product_id,quantity,price
1,103,4,7996
2,180,5,4495
3,93,3,897
4,15,5,17995
5,107,2,1398
6,72,4,3596
7,189,4,396
8,21,2,15000
9,103,2,3998
10,122,3,597
11,75,4,19996
12,88,4,1000
13,117,3,5997
14,100,1,799
15,104,3,11997
16,152,5,995
17,131,4,600
18,150,2,998
19,53,5,2495
20,2,4,219996
21,88,3,750
22,158,5,1750
23,38,4,2396
24,130,1,1499
25,192,1,199
26,188,2,300
27,21,4,30000
28,161,1,299
29,58,3,1140
30,22,4,19996
31,89,3,450
32,49,3,4497
33,59,1,799
34,170,4,1196
35,188,5,750
36,15,1,3599
37,190,1,1199
38,190,4,4796
39,175,4,2796
40,190,3,3597
41,51,4,1596
42,108,3,26997
43,55,1,599
44,64,2,3000
45,131,5,750
46,51,1,399
47,135,4,600
48,21,5,37500
49,73,2,998
50,167,2,398
51,18,3,4497
52,132,5,2495
53,89,3,450
54,60,1,250
55,14,5,9495
56,9,1,52000
57,90,3,4497
58,53,5,2495
59,130,3,4497
60,84,5,1995
61,92,3,3897
62,111,2,2598
63,188,3,450
64,199,2,3798
65,172,3,3897
66,8,5,24995
67,175,5,3495
68,35,5,3495
69,81,4,5196
70,164,1,249
71,50,5,11495
72,104,2,7998
73,132,5,2495
74,2,4,219996
75,134,2,198
76,54,4,796
77,106,2,3000
78,4,3,3897
79,54,1,199
80,191,1,299
81,146,4,1396
82,44,1,1299
83,162,4,596
84,190,4,4796
85,14,4,7596
86,95,1,150
87,48,4,996
88,15,1,3599
89,200,4,996
90,190,5,5995
91,40,4,4796
92,82,2,1398
93,111,4,5196
94,53,3,1497
95,24,4,5196
96,154,2,998
97,188,2,300
98,124,1,1499
99,41,5,4995
100,157,4,1000
101,15,1,3599
102,45,5,17995
103,65,4,3596
104,89,3,450
105,71,4,1596
106,9,2,104000
107,88,2,500
108,129,3,2397
109,136,1,299
110,63,5,2495
111,139,4,796
112,81,2,2598
113,136,1,299
114,163,3,16500
115,163,2,11000
116,33,3,4497
117,123,4,7596
118,5,5,39995
119,41,2,1998
120,28,2,2998
121,135,4,600
122,72,1,899
123,12,5,12495
124,162,2,298
125,33,5,7495
126,48,2,498
127,151,5,1750
128,62,3,597
129,37,2,698
130,99,5,995
131,172,1,1299
132,104,3,11997
133,35,3,2097
134,193,1,299
135,101,5,12495
136,175,4,2796
137,131,1,150
138,1,5,124995
139,5,1,7999
140,142,1,599
141,103,2,3998
142,27,5,3995
143,137,4,1396
144,15,2,7198
145,90,1,1499
146,42,1,2499
147,124,1,1499
148,179,5,11495
149,63,5,2495
150,96,2,798
151,52,4,1196
152,96,2,798
153,132,3,1497
154,151,1,350
155,143,1,1599
156,171,1,199
157,29,2,1198
158,36,2,1598
159,13,1,3999
160,160,2,1798
161,71,5,1995
162,187,5,1745
163,86,2,498
164,28,1,1499
165,66,2,598
166,170,2,598
167,45,2,7198
168,62,3,597
169,185,5,1495
170,134,4,396
171,28,4,5996
172,28,3,4497
173,108,2,17998
174,44,3,3897
175,84,3,1197
176,30,1,6500
177,190,5,5995
178,75,4,19996
179,128,2,1198
180,92,4,5196
181,190,4,4796
182,129,5,3995
183,121,4,2796
184,27,4,3196
185,190,3,3597
186,121,5,3495
187,116,1,499
188,3,2,9198
189,103,4,7996
190,198,2,298
191,200,1,249
192,155,2,798
193,137,1,349
194,62,3,597
195,165,4,1596
196,51,1,399
197,172,2,2598
198,152,4,796
199,59,3,2397
200,118,4,3196
201,160,1,899
202,96,3,1197
203,180,2,1798
204,113,3,1497
205,62,3,597
206,186,5,2495
207,52,3,897
208,12,3,7497
209,39,4,1596
210,130,2,2998
211,131,4,600
212,113,4,1996
213,101,1,2499
214,113,4,1996
215,184,5,2995
216,81,5,6495
217,187,1,349
218,113,2,998
219,2,2,109998
220,130,4,5996
221,54,4,796
222,87,4,3996
223,129,2,1598
224,147,3,897
225,126,5,4495
226,130,3,4497
227,53,3,1497
228,172,2,2598
229,160,3,2697
230,198,1,149
231,160,4,3596
232,68,1,349
233,183,5,4495
234,184,4,2396
235,123,3,5697
236,145,5,6495
237,38,4,2396
238,24,3,3897
239,69,1,699
240,116,4,1996
241,98,3,2697
242,198,1,149
243,139,5,995
244,144,5,2495
245,97,5,1745
246,124,5,7495
247,187,2,698
248,70,4,2396
249,93,4,1196
250,3,2,9198
251,148,3,2397
252,187,3,1047
253,164,5,1245
254,147,1,299
255,90,3,4497
256,195,1,2299
257,147,4,1196
258,148,1,799
259,96,4,1596
260,199,2,3798
261,52,2,598
262,161,5,1495
263,168,3,1047
264,128,5,2995
265,39,4,1596
266,82,5,3495
267,104,1,3999
268,129,4,3196
269,11,2,2598
270,185,3,897
271,178,4,5996
272,151,4,1400
273,159,1,299
274,42,3,7497
275,99,2,398
276,7,4,13996
277,144,4,1996
278,90,1,1499
279,112,5,19995
280,60,2,500
281,113,3,1497
282,2,4,219996
283,129,4,3196
284,48,2,498
285,140,5,495
286,197,4,1596
287,37,2,698
288,160,1,899
289,9,5,260000
290,99,3,597
291,147,4,1196
292,48,2,498
293,131,1,150
294,148,3,2397
295,152,2,398
296,54,2,398
297,120,3,897
298,161,1,299
299,152,1,199
300,116,5,2495
301,75,4,19996
302,113,3,1497
303,200,3,747
304,164,3,747
305,166,1,2899
306,104,4,15996
307,84,5,1995
308,112,2,7998
309,99,2,398
310,153,3,3600
311,93,4,1196
312,146,1,349
313,128,4,2396
314,110,4,5196
315,82,1,699
316,194,3,2397
317,54,4,796
318,163,2,11000
319,189,1,99
320,169,5,2495
321,161,3,897
322,68,1,349
323,33,5,7495
324,142,5,2995
325,21,4,30000
326,48,4,996
327,148,4,3196
328,128,1,599
329,136,1,299
330,135,3,450
331,195,4,9196
332,145,5,6495
333,128,2,1198
334,33,3,4497
335,176,1,299
336,187,3,1047
337,115,3,2397
338,119,3,1797
339,22,3,14997
340,158,2,700
341,38,4,2396
342,109,5,225000
343,51,3,1197
344,182,3,1497
345,8,3,14997
346,27,4,3196
347,27,1,799
348,21,1,7500
349,30,2,13000
350,97,1,349
351,28,3,4497
352,111,3,3897
353,192,3,597
354,197,2,798
355,61,3,1497
356,48,1,249
357,147,4,1196
358,4,4,5196
359,35,5,3495
360,192,1,199
361,49,3,4497
362,17,4,3996
363,172,1,1299
364,158,4,1400
365,46,3,1197
366,117,4,7996
367,6,5,14495
368,99,5,995
369,124,4,5996
370,37,1,349
371,24,1,1299
372,93,1,299
373,46,4,1596
374,181,1,1299
375,95,3,450
376,99,5,995
377,188,3,450
378,116,1,499
379,191,3,897
380,160,1,899
381,161,4,1196
382,67,3,1197
383,128,4,2396
384,18,4,5996
385,25,2,25000
386,54,1,199
387,58,5,1900
388,67,1,399
389,104,5,19995
390,174,1,1599
391,24,4,5196
392,114,3,1197
393,32,3,1497
394,175,2,1398
395,86,5,1245
396,151,5,1750
397,194,5,3995
398,127,4,1996
399,155,5,1995
400,130,3,4497
401,17,4,3996
402,104,1,3999
403,161,5,1495
404,137,5,1745
405,43,1,799
406,176,5,1495
407,39,1,399
408,170,4,1196
409,26,3,8997
410,99,1,199
411,50,2,4598
412,153,1,1200
413,152,5,995
414,13,4,15996
415,60,4,1000
416,135,1,150
417,57,3,1050
418,36,2,1598
419,173,4,600
420,20,5,24995
421,65,5,4495
422,8,3,14997
423,144,4,1996
424,142,1,599
425,115,5,3995
426,143,3,4797
427,92,4,5196
428,98,4,3596
429,66,4,1196
430,32,4,1996
431,191,4,1196
432,86,5,1245
433,51,3,1197
434,153,4,4800
435,186,2,998
436,63,2,998
437,190,3,3597
438,125,1,299
439,150,1,499
440,58,1,380
441,58,2,760
442,86,1,249
443,49,5,7495
444,180,4,3596
445,170,2,598
446,70,3,1797
447,15,3,10797
448,54,4,796
449,188,2,300
450,101,1,2499
451,8,1,4999
452,53,5,2495
453,60,5,1250
454,108,1,8999
455,5,3,23997
456,103,3,5997
457,196,5,7500
458,6,4,11596
459,109,1,45000
460,116,5,2495
461,94,5,2995
462,47,1,499
463,99,1,199
464,55,3,1797
465,168,4,1396
466,52,4,1196
467,144,1,499
468,13,2,7998
469,114,5,1995
470,124,5,7495
471,106,1,1500
472,158,2,700
473,147,3,897
474,145,1,1299
475,120,1,299
476,63,5,2495
477,19,1,3299
478,92,1,1299
479,58,1,380
480,183,5,4495
481,90,3,4497
482,117,3,5997
483,62,1,199
484,23,5,4495
485,127,3,1497
486,137,3,1047
487,140,3,297
488,129,5,3995
489,58,5,1900
490,122,1,199
491,1,4,99996
492,34,3,3897
493,96,4,1596
494,126,5,4495
495,118,5,3995
496,48,5,1245
497,89,4,600
498,117,5,9995
499,129,1,799
500,16,5,14995
501,189,2,198
502,192,4,796
503,191,2,598
504,69,5,3495
505,22,1,4999
506,93,3,897
507,195,5,11495
508,76,1,599
509,154,4,1996
510,144,2,998
511,179,2,4598
512,86,2,498
513,185,4,1196
514,29,1,599
515,69,4,2796
516,47,2,998
517,94,5,2995
518,190,3,3597
519,197,4,1596
520,144,4,1996
521,176,1,299
522,85,1,299
523,39,4,1596
524,100,2,1598
525,33,3,4497
526,101,1,2499
527,23,2,1798
528,10,5,72500
529,69,1,699
530,100,2,1598
531,34,2,2598
532,180,3,2697
533,138,3,747
534,147,5,1495
535,186,2,998
536,96,2,798
537,1,3,74997
538,69,1,699
539,4,1,1299
540,16,4,11996
541,24,3,3897
542,80,4,796
543,2,3,164997
544,128,5,2995
545,160,2,1798
546,84,5,1995
547,152,3,597
548,140,2,198
549,178,1,1499
550,163,1,5500
551,124,4,5996
552,33,3,4497
553,161,3,897
554,189,1,99
555,179,5,11495
556,171,2,398
557,101,5,12495
558,12,5,12495
559,67,1,399
560,65,1,899
561,161,1,299
562,168,4,1396
563,74,5,3995
564,43,3,2397
565,44,2,2598
566,29,4,2396
567,141,3,1197
568,12,5,12495
569,95,1,150
570,46,5,1995
571,130,2,2998
572,35,4,2796
573,81,4,5196
574,90,2,2998
575,8,3,14997
576,93,3,897
577,154,4,1996
578,90,4,5996
579,162,1,149
580,115,3,2397
581,105,2,1998
582,135,3,450
583,196,1,1500
584,58,4,1520
585,114,4,1596
586,75,1,4999
587,157,2,500
588,120,4,1196
589,164,5,1245
590,21,4,30000
591,164,5,1245
592,138,1,249
593,101,1,2499
594,152,4,796
595,192,3,597
596,177,5,750
597,99,2,398
598,36,4,3196
599,96,2,798
600,152,4,796
601,151,3,1050
602,190,3,3597
603,37,3,1047
604,12,3,7497
605,113,1,499
606,183,1,899
607,13,5,19995
608,23,2,1798
609,99,4,796
610,105,4,3996
611,30,1,6500
612,17,4,3996
613,113,1,499
614,62,5,995
615,84,2,798
616,112,5,19995
617,86,3,747
618,141,3,1197
619,187,3,1047
620,19,5,16495
621,177,4,600
622,100,2,1598
623,140,3,297
624,189,3,297
625,147,3,897
626,76,2,1198
627,9,3,156000
628,199,2,3798
629,28,3,4497
630,128,5,2995
631,52,5,1495
632,83,2,398
633,111,5,6495
634,144,2,998
635,117,5,9995
636,69,5,3495
637,99,2,398
638,140,4,396
639,25,5,62500
640,180,3,2697
641,123,4,7596
642,53,2,998
643,151,4,1400
644,144,1,499
645,57,1,350
646,39,5,1995
647,109,5,225000
648,181,3,3897
649,42,4,9996
650,186,1,499
651,167,5,995
652,142,4,2396
653,122,5,995
654,133,5,1495
655,163,1,5500
656,75,1,4999
657,146,5,1745
658,76,2,1198
659,9,5,260000
660,74,5,3995
661,186,3,1497
662,145,3,3897
663,7,3,10497
664,174,2,3198
665,141,2,798
666,168,5,1745
667,170,3,897
668,137,2,698
669,178,1,1499
670,27,5,3995
671,122,4,796
672,194,5,3995
673,5,4,31996
674,29,3,1797
675,165,4,1596
676,166,3,8697
677,83,1,199
678,136,4,1196
679,109,5,225000
680,65,3,2697
681,86,5,1245
682,145,2,2598
683,71,3,1197
684,45,4,14396
685,132,3,1497
686,36,5,3995
687,70,1,599
688,159,3,897
689,19,4,13196
690,189,2,198
691,108,1,8999
692,182,2,998
693,167,3,597
694,91,5,2495
695,90,5,7495
696,19,4,13196
697,39,5,1995
698,126,1,899
699,195,5,11495
700,173,4,600
701,141,3,1197
702,126,3,2697
703,58,5,1900
704,148,2,1598
705,200,3,747
706,61,5,2495
707,127,4,1996
708,105,5,4995
709,167,3,597
710,1,4,99996
711,131,5,750
712,92,1,1299
713,190,4,4796
714,191,1,299
715,113,2,998
716,153,4,4800
717,56,1,450
718,161,3,897
719,166,3,8697
720,117,2,3998
721,134,4,396
722,58,4,1520
723,44,4,5196
724,173,2,300
725,160,4,3596
726,173,3,450
727,61,1,499
728,47,3,1497
729,149,3,1497
730,80,1,199
731,118,3,2397
732,164,2,498
733,147,1,299
734,20,3,14997
735,185,5,1495
736,146,3,1047
737,47,2,998
738,49,4,5996
739,14,3,5697
740,143,4,6396
741,159,5,1495
742,1,3,74997
743,117,1,1999
744,54,4,796
745,118,5,3995
746,3,1,4599
747,144,1,499
748,185,1,299
749,12,1,2499
750,74,3,2397
751,16,3,8997
752,200,3,747
753,102,5,24995
754,152,5,995
755,156,5,3000
756,117,2,3998
757,8,5,24995
758,122,3,597
759,92,3,3897
760,164,2,498
761,90,2,2998
762,136,5,1495
763,186,4,1996
764,60,2,500
765,178,1,1499
766,28,3,4497
767,101,1,2499
768,41,3,2997
769,192,3,597
770,155,2,798
771,191,2,598
772,145,1,1299
773,161,3,897
774,157,1,250
775,141,4,1596
776,46,1,399
777,35,5,3495
778,134,1,99
779,82,5,3495
780,115,5,3995
781,197,5,1995
782,47,4,1996
783,153,1,1200
784,194,1,799
785,10,4,58000
786,56,3,1350
787,30,2,13000
788,109,1,45000
789,5,2,15998
790,119,4,2396
791,33,3,4497
792,118,3,2397
793,65,3,2697
794,146,4,1396
795,177,5,750
796,11,5,6495
797,85,2,598
798,26,5,14995
799,63,5,2495
800,86,3,747
801,59,3,2397
802,27,2,1598
803,177,1,150
804,161,2,598
805,98,2,1798
806,105,4,3996
807,99,4,796
808,129,2,1598
809,149,2,998
810,55,2,1198
811,6,5,14495
812,197,4,1596
813,95,2,300
814,133,3,897
815,102,3,14997
816,3,5,22995
817,181,5,6495
818,23,1,899
819,53,1,499
820,165,1,399
821,83,5,995
822,145,5,6495
823,85,5,1495
824,78,3,3897
825,110,5,6495
826,1,3,74997
827,51,1,399
828,173,1,150
829,4,1,1299
830,190,2,2398
831,193,2,598
832,113,4,1996
833,32,4,1996
834,34,4,5196
835,92,2,2598
836,95,2,300
837,72,4,3596
838,39,4,1596
839,154,5,2495
840,162,4,596
841,182,5,2495
842,118,3,2397
843,3,2,9198
844,123,4,7596
845,50,2,4598
846,12,2,4998
847,193,2,598
848,54,3,597
849,133,1,299
850,57,4,1400
851,145,1,1299
852,112,1,3999
853,47,1,499
854,151,2,700
855,85,5,1495
856,142,2,1198
857,66,2,598
858,75,1,4999
859,179,2,4598
860,103,1,1999
861,166,5,14495
862,192,4,796
863,38,1,599
864,50,5,11495
865,98,4,3596
866,82,3,2097
867,30,1,6500
868,79,1,499
869,91,3,1497
870,179,3,6897
871,191,1,299
872,52,3,897
873,166,2,5798
874,79,4,1996
875,30,4,26000
876,106,4,6000
877,51,2,798
878,81,3,3897
879,133,5,1495
880,29,3,1797
881,132,1,499
882,138,4,996
883,184,3,1797
884,145,5,6495
885,74,1,799
886,17,2,1998
887,84,2,798
888,69,5,3495
889,34,1,1299
890,6,4,11596
891,53,3,1497
892,194,1,799
893,126,2,1798
894,43,5,3995
895,115,5,3995
896,111,3,3897
897,151,5,1750
898,183,5,4495
899,80,1,199
900,95,4,600
901,118,3,2397
902,144,1,499
903,8,4,19996
904,132,1,499
905,104,1,3999
906,132,5,2495
907,184,4,2396
908,25,3,37500
909,195,3,6897
910,96,4,1596
911,195,5,11495
912,155,2,798
913,93,1,299
914,160,5,4495
915,178,4,5996
916,61,1,499
917,122,3,597
918,51,2,798
919,147,3,897
920,21,4,30000
921,5,1,7999
922,92,4,5196
923,170,1,299
924,61,5,2495
925,22,2,9998
926,149,5,2495
927,70,5,2995
928,1,4,99996
929,133,2,598
930,12,1,2499
931,90,1,1499
932,46,3,1197
933,34,1,1299
934,177,4,600
935,78,5,6495
936,45,5,17995
937,155,5,1995
938,73,2,998
939,26,1,2999
940,47,4,1996
941,121,2,1398
942,56,3,1350
943,94,4,2396
944,107,4,2796
945,63,4,1996
946,48,5,1245
947,61,4,1996
948,81,1,1299
949,26,4,11996
950,36,5,3995
951,1,4,99996
952,8,3,14997
953,113,3,1497
954,99,5,995
955,180,1,899
956,47,1,499
957,127,2,998
958,56,5,2250
959,14,4,7596
960,28,5,7495
961,78,2,2598
962,130,5,7495
963,109,5,225000
964,154,2,998
965,14,1,1899
966,187,4,1396
967,56,2,900
968,115,3,2397
969,7,1,3499
970,3,3,13797
971,111,1,1299
972,151,4,1400
973,107,4,2796
974,18,5,7495
975,38,3,1797
976,115,1,799
977,15,4,14396
978,192,2,398
979,119,4,2396
980,28,2,2998
981,39,1,399
982,185,4,1196
983,17,4,3996
984,86,1,249
985,126,4,3596
986,44,2,2598
987,25,4,50000
988,145,3,3897
989,13,5,19995
990,25,2,25000
991,68,3,1047
992,138,1,249
993,67,2,798
994,109,5,225000
995,146,5,1745
996,111,1,1299
997,111,1,1299
998,34,2,2598
999,111,4,5196
1000,8,1,4999
1001,168,4,1396
1002,113,3,1497
1003,83,5,995
1004,42,4,9996
1005,169,5,2495
1006,101,4,9996
1007,6,3,8697
1008,180,1,899
1009,26,3,8997
1010,64,1,1500
1011,187,1,349
1012,184,5,2995
1013,59,3,2397
1014,109,4,180000
1015,198,3,447
1016,121,5,3495
1017,33,1,1499
1018,181,5,6495
1019,150,2,998
1020,21,2,15000
1021,198,4,596
1022,70,5,2995
1023,112,4,15996
1024,4,4,5196
1025,94,2,1198
1026,75,4,19996
1027,190,2,2398
1028,62,1,199
1029,94,5,2995
1030,95,4,600
1031,152,2,398
1032,55,3,1797
1033,137,4,1396
1034,131,1,150
1035,31,1,899
1036,40,3,3597
1037,36,2,1598
1038,152,4,796
1039,6,2,5798
1040,66,1,299
1041,75,2,9998
1042,4,1,1299
1043,79,2,998
1044,134,3,297
1045,118,5,3995
1046,113,3,1497
1047,94,3,1797
1048,179,5,11495
1049,62,5,995
1050,185,4,1196
1051,194,4,3196
1052,79,3,1497
1053,136,3,897
1054,26,1,2999
1055,179,1,2299
1056,173,4,600
1057,44,4,5196
1058,133,1,299
1059,70,1,599
1060,154,2,998
1061,118,2,1598
1062,68,1,349
1063,19,2,6598
1064,20,5,24995
1065,113,4,1996
1066,140,4,396
1067,47,1,499
1068,1,3,74997
1069,90,1,1499
1070,142,2,1198
1071,64,3,4500
1072,38,2,1198
1073,37,5,1745
1074,126,2,1798
1075,139,5,995
1076,100,5,3995
1077,77,2,398
1078,3,2,9198
1079,161,5,1495
1080,134,3,297
1081,178,5,7495
1082,10,4,58000
1083,5,5,39995
1084,151,3,1050
1085,138,4,996
1086,172,1,1299
1087,130,1,1499
1088,13,3,11997
1089,168,5,1745
1090,130,2,2998
1091,84,3,1197
1092,65,4,3596
1093,63,4,1996
1094,101,1,2499
1095,73,4,1996
1096,17,3,2997
1097,9,4,208000
1098,143,3,4797
1099,152,2,398
1100,38,1,599
1101,163,4,22000
1102,94,3,1797
1103,95,5,750
1104,49,1,1499
1105,69,2,1398
1106,62,3,597
1107,188,2,300
1108,178,2,2998
1109,78,4,5196
1110,117,4,7996
1111,120,3,897
1112,137,5,1745
1113,162,3,447
1114,76,5,2995
1115,35,2,1398
1116,1,1,24999
1117,40,3,3597
1118,64,3,4500
1119,150,5,2495
1120,60,2,500
1121,64,2,3000
1122,93,5,1495
1123,72,2,1798
1124,11,4,5196
1125,105,1,999
1126,14,3,5697
1127,60,1,250
1128,30,3,19500
1129,35,4,2796
1130,165,2,798
1131,5,5,39995
1132,83,4,796
1133,123,1,1899
1134,78,5,6495
1135,154,2,998
1136,62,4,796
1137,132,5,2495
1138,89,4,600
1139,42,4,9996
1140,89,2,300
1141,146,3,1047
1142,40,5,5995
1143,72,2,1798
1144,39,4,1596
1145,104,2,7998
1146,14,3,5697
1147,32,5,2495
1148,179,3,6897
1149,125,1,299
1150,166,5,14495
1151,97,3,1047
1152,23,4,3596
1153,63,5,2495
1154,143,5,7995
1155,153,2,2400
1156,145,4,5196
1157,194,1,799
1158,53,3,1497
1159,104,2,7998
1160,104,3,11997
1161,179,1,2299
1162,39,1,399
1163,179,5,11495
1164,198,1,149
1165,134,3,297
1166,67,4,1596
1167,135,4,600
1168,179,5,11495
1169,200,3,747
1170,42,3,7497
1171,192,1,199
1172,15,3,10797
1173,111,2,2598
1174,157,1,250
1175,33,2,2998
1176,155,5,1995
1177,164,4,996
1178,157,5,1250
1179,38,4,2396
1180,185,5,1495
1181,97,3,1047
1182,155,2,798
1183,183,4,3596
1184,33,1,1499
1185,196,2,3000
1186,86,1,249
1187,66,2,598
1188,10,2,29000
1189,5,5,39995
1190,123,4,7596
1191,74,4,3196
1192,97,2,698
1193,118,3,2397
1194,38,3,1797
1195,141,1,399
1196,159,1,299
1197,47,5,2495
1198,109,2,90000
1199,180,1,899
1200,184,1,599
1201,15,2,7198
1202,157,5,1250
1203,136,1,299
1204,5,5,39995
1205,157,4,1000
1206,47,5,2495
1207,68,3,1047
1208,76,3,1797
1209,173,5,750
1210,130,3,4497
1211,155,4,1596
1212,95,2,300
1213,115,3,2397
1214,164,3,747
1215,36,5,3995
1216,26,4,11996
1217,43,2,1598
1218,27,5,3995
1219,69,5,3495
1220,148,4,3196
1221,11,2,2598
1222,74,4,3196
1223,104,2,7998
1224,38,4,2396
1225,134,5,495
1226,200,5,1245
1227,23,1,899
1228,47,3,1497
1229,90,4,5996
1230,46,1,399
1231,107,3,2097
1232,140,4,396
1233,141,2,798
1234,104,3,11997
1235,190,5,5995
1236,111,1,1299
1237,104,3,11997
1238,60,3,750
1239,171,5,995
1240,100,4,3196
1241,68,2,698
1242,133,5,1495
1243,120,2,598
1244,37,4,1396
1245,72,3,2697
1246,127,2,998
1247,106,1,1500
1248,92,1,1299
1249,31,5,4495
1250,122,4,796
1251,137,5,1745
1252,51,5,1995
1253,29,5,2995
1254,40,1,1199
1255,41,1,999
1256,11,5,6495
1257,151,1,350
1258,1,4,99996
1259,46,5,1995
1260,101,1,2499
1261,149,2,998
1262,90,5,7495
1263,110,5,6495
1264,164,4,996
1265,182,3,1497
1266,57,3,1050
1267,1,4,99996
1268,63,4,1996
1269,182,4,1996
1270,55,3,1797
1271,115,4,3196
1272,168,1,349
1273,143,5,7995
1274,149,5,2495
1275,175,2,1398
1276,53,2,998
1277,137,5,1745
1278,180,1,899
1279,57,3,1050
1280,117,3,5997
1281,154,1,499
1282,169,3,1497
1283,35,4,2796
1284,63,5,2495
1285,25,5,62500
1286,90,1,1499
1287,75,3,14997
1288,38,2,1198
1289,130,2,2998
1290,135,3,450
1291,162,2,298
1292,91,1,499
1293,17,1,999
1294,128,3,1797
1295,171,2,398
1296,187,1,349
1297,108,1,8999
1298,179,4,9196
1299,182,4,1996
1300,152,1,199
1301,25,3,37500
1302,199,5,9495
1303,180,5,4495
1304,198,1,149
1305,88,1,250
1306,161,1,299
1307,177,3,450
1308,29,4,2396
1309,63,1,499
1310,150,1,499
1311,154,2,998
1312,156,3,1800
1313,114,1,399
1314,49,2,2998
1315,199,5,9495
1316,81,1,1299
1317,84,1,399
1318,105,2,1998
1319,177,3,450
1320,148,1,799
1321,118,5,3995
1322,86,1,249
1323,63,5,2495
1324,189,4,396
1325,104,4,15996
1326,49,5,7495
1327,71,3,1197
1328,1,1,24999
1329,141,1,399
1330,179,4,9196
1331,123,5,9495
1332,184,1,599
1333,62,1,199
1334,32,3,1497
1335,158,2,700
1336,29,4,2396
1337,49,4,5996
1338,173,2,300
1339,30,1,6500
1340,144,3,1497
1341,168,3,1047
1342,19,4,13196
1343,18,3,4497
1344,1,2,49998
1345,78,1,1299
1346,115,2,1598
1347,175,5,3495
1348,194,4,3196
1349,113,3,1497
1350,114,5,1995
1351,166,3,8697
1352,179,1,2299
1353,63,1,499
1354,132,1,499
1355,129,3,2397
1356,8,5,24995
1357,157,1,250
1358,55,5,2995
1359,103,3,5997
1360,131,5,750
1361,32,3,1497
1362,10,3,43500
1363,110,4,5196
1364,162,3,447
1365,124,3,4497
1366,87,2,1998
1367,55,1,599
1368,32,4,1996
1369,178,4,5996
1370,135,4,600
1371,93,2,598
1372,8,3,14997
1373,65,1,899
1374,57,5,1750
1375,67,3,1197
1376,187,2,698
1377,72,3,2697
1378,54,3,597
1379,67,2,798
1380,51,4,1596
1381,97,4,1396
1382,92,1,1299
1383,8,1,4999
1384,162,4,596
1385,35,5,3495
1386,96,3,1197
1387,88,5,1250
1388,78,3,3897
1389,32,4,1996
1390,120,1,299
1391,46,1,399
1392,144,5,2495
1393,196,1,1500
1394,165,4,1596
1395,182,5,2495
1396,142,3,1797
1397,55,1,599
1398,176,2,598
1399,7,1,3499
1400,74,3,2397
1401,7,5,17495
1402,161,3,897
1403,151,2,700
1404,85,4,1196
1405,147,1,299
1406,112,5,19995
1407,125,4,1196
1408,147,3,897
1409,36,5,3995
1410,29,4,2396
1411,188,5,750
1412,82,2,1398
1413,2,2,109998
1414,129,1,799
1415,47,1,499
1416,197,2,798
1417,148,5,3995
1418,11,2,2598
1419,130,1,1499
1420,195,2,4598
1421,119,2,1198
1422,140,5,495
1423,20,4,19996
1424,5,1,7999
1425,37,5,1745
1426,166,2,5798
1427,137,2,698
1428,53,4,1996
1429,172,1,1299
1430,99,1,199
1431,86,3,747
1432,108,1,8999
1433,24,4,5196
1434,81,3,3897
1435,158,3,1050
1436,120,2,598
1437,59,2,1598
1438,128,1,599
1439,114,3,1197
1440,115,2,1598
1441,14,4,7596
1442,9,2,104000
1443,40,2,2398
1444,194,3,2397
1445,25,3,37500
1446,103,5,9995
1447,22,4,19996
1448,4,3,3897
1449,154,1,499
1450,186,4,1996
1451,29,4,2396
1452,109,3,135000
1453,98,4,3596
1454,37,3,1047
1455,75,2,9998
1456,70,5,2995
1457,146,2,698
1458,128,3,1797
1459,85,3,897
1460,42,2,4998
1461,100,1,799
1462,41,1,999
1463,166,1,2899
1464,34,3,3897
1465,17,4,3996
1466,165,3,1197
1467,153,4,4800
1468,122,2,398
1469,76,5,2995
1470,87,4,3996
1471,117,1,1999
1472,106,3,4500
1473,86,2,498
1474,27,1,799
1475,57,2,700
1476,31,5,4495
1477,134,3,297
1478,168,3,1047
1479,98,5,4495
1480,12,3,7497
1481,53,4,1996
1482,199,2,3798
1483,138,1,249
1484,173,5,750
1485,145,4,5196
1486,154,1,499
1487,190,1,1199
1488,122,5,995
1489,46,4,1596
1490,64,1,1500
1491,130,1,1499
1492,54,4,796
1493,107,3,2097
1494,193,1,299
1495,51,2,798
1496,181,4,5196
1497,36,1,799
1498,115,5,3995
1499,26,2,5998
1500,29,1,599
1501,149,2,998
1502,11,2,2598
1503,40,3,3597
1504,11,2,2598
1505,164,3,747
1506,113,4,1996
1507,187,3,1047
1508,39,5,1995
1509,54,1,199
1510,98,4,3596
1511,55,4,2396
1512,111,5,6495
1513,152,3,597
1514,150,1,499
1515,69,3,2097
1516,56,2,900
1517,33,3,4497
1518,36,4,3196
1519,148,1,799
1520,81,3,3897
1521,190,1,1199
1522,109,1,45000
1523,154,2,998
1524,194,2,1598
1525,73,4,1996
1526,40,5,5995
1527,17,1,999
1528,129,5,3995
1529,61,4,1996
1530,171,1,199
1531,104,1,3999
1532,42,5,12495
1533,25,3,37500
1534,39,2,798
1535,35,3,2097
1536,131,5,750
1537,108,2,17998
1538,172,3,3897
1539,179,2,4598
1540,102,1,4999
1541,98,3,2697
1542,12,2,4998
1543,19,2,6598
1544,101,2,4998
1545,44,3,3897
1546,187,4,1396
1547,49,3,4497
1548,189,5,495
1549,17,3,2997
1550,74,2,1598
1551,57,1,350
1552,55,3,1797
1553,47,3,1497
1554,12,2,4998
1555,62,1,199
1556,80,1,199
1557,83,5,995
1558,8,3,14997
1559,149,1,499
1560,81,1,1299
1561,118,4,3196
1562,198,4,596
1563,200,1,249
1564,25,5,62500
1565,89,1,150
1566,12,2,4998
1567,143,3,4797
1568,59,5,3995
1569,154,2,998
1570,109,5,225000
1571,26,2,5998
1572,47,3,1497
1573,32,3,1497
1574,10,4,58000
1575,16,2,5998
1576,199,4,7596
1577,145,2,2598
1578,151,4,1400
1579,26,3,8997
1580,86,5,1245
1581,135,4,600
1582,14,2,3798
1583,79,2,998
1584,117,3,5997
1585,7,2,6998
1586,137,1,349
1587,115,5,3995
1588,176,4,1196
1589,72,5,4495
1590,59,3,2397
1591,82,4,2796
1592,116,4,1996
1593,167,1,199
1594,146,3,1047
1595,187,2,698
1596,103,1,1999
1597,17,1,999
1598,14,5,9495
1599,159,5,1495
1600,152,5,995
1601,108,1,8999
1602,188,2,300
1603,45,4,14396
1604,98,5,4495
1605,131,2,300
1606,37,3,1047
1607,171,5,995
1608,168,4,1396
1609,183,3,2697
1610,108,3,26997
1611,39,4,1596
1612,15,5,17995
1613,120,1,299
1614,4,4,5196
1615,93,4,1196
1616,153,4,4800
1617,141,3,1197
1618,161,2,598
1619,16,1,2999
1620,170,5,1495
1621,108,5,44995
1622,126,2,1798
1623,194,4,3196
1624,55,1,599
1625,170,5,1495
1626,34,5,6495
1627,158,4,1400
1628,13,2,7998
1629,141,1,399
1630,18,2,2998
1631,160,2,1798
1632,96,1,399
1633,123,1,1899
1634,39,5,1995
1635,46,5,1995
1636,29,1,599
1637,190,3,3597
1638,62,5,995
1639,185,3,897
1640,16,1,2999
1641,184,5,2995
1642,121,2,1398
1643,10,1,14500
1644,158,4,1400
1645,153,3,3600
1646,103,1,1999
1647,84,1,399
1648,133,5,1495
1649,65,5,4495
1650,177,5,750
1651,3,4,18396
1652,173,5,750
1653,142,1,599
1654,120,5,1495
1655,158,2,700
1656,68,5,1745
1657,146,4,1396
1658,190,2,2398
1659,37,1,349
1660,153,1,1200
1661,176,3,897
1662,193,2,598
1663,181,3,3897
1664,73,2,998
1665,143,2,3198
1666,49,4,5996
1667,121,3,2097
1668,88,4,1000
1669,196,2,3000
1670,140,1,99
1671,187,2,698
1672,37,4,1396
1673,61,3,1497
1674,171,3,597
1675,124,4,5996
1676,198,3,447
1677,39,5,1995
1678,184,1,599
1679,63,1,499
1680,46,1,399
1681,88,3,750
1682,11,3,3897
1683,62,2,398
1684,77,2,398
1685,153,1,1200
1686,199,5,9495
1687,52,2,598
1688,4,2,2598
1689,59,3,2397
1690,72,5,4495
1691,148,1,799
1692,93,2,598
1693,63,5,2495
1694,54,5,995
1695,117,1,1999
1696,110,5,6495
1697,74,5,3995
1698,107,5,3495
1699,57,2,700
1700,169,1,499
1701,3,5,22995
1702,120,5,1495
1703,6,2,5798
1704,5,1,7999
1705,5,3,23997
1706,54,2,398
1707,47,1,499
1708,177,5,750
1709,9,1,52000
1710,99,1,199
1711,20,1,4999
1712,122,3,597
1713,61,1,499
1714,123,3,5697
1715,163,5,27500
1716,178,3,4497
1717,82,5,3495
1718,62,5,995
1719,145,3,3897
1720,3,2,9198
1721,160,4,3596
1722,13,1,3999
1723,120,4,1196
1724,125,1,299
1725,89,1,150
1726,73,5,2495
1727,68,1,349
1728,142,1,599
1729,101,3,7497
1730,98,4,3596
1731,11,3,3897
1732,105,1,999
1733,184,5,2995
1734,67,3,1197
1735,123,3,5697
1736,29,2,1198
1737,137,1,349
1738,195,5,11495
1739,153,3,3600
1740,76,3,1797
1741,170,5,1495
1742,9,1,52000
1743,40,2,2398
1744,25,3,37500
1745,5,2,15998
1746,139,4,796
1747,187,1,349
1748,124,4,5996
1749,38,4,2396
1750,72,4,3596
1751,133,1,299
1752,176,1,299
1753,90,5,7495
1754,146,2,698
1755,198,2,298
1756,37,5,1745
1757,60,5,1250
1758,176,4,1196
1759,28,5,7495
1760,197,3,1197
1761,81,2,2598
1762,114,5,1995
1763,40,3,3597
1764,45,3,10797
1765,62,3,597
1766,93,3,897
1767,115,4,3196
1768,186,3,1497
1769,67,4,1596
1770,56,4,1800
1771,40,3,3597
1772,98,2,1798
1773,40,3,3597
1774,91,3,1497
1775,33,3,4497
1776,6,2,5798
1777,147,1,299
1778,80,1,199
1779,168,4,1396
1780,92,4,5196
1781,97,2,698
1782,59,5,3995
1783,59,1,799
1784,48,4,996
1785,169,1,499
1786,13,2,7998
1787,107,2,1398
1788,45,5,17995
1789,89,5,750
1790,181,2,2598
1791,170,4,1196
1792,100,1,799
1793,191,3,897
1794,155,5,1995
1795,166,3,8697
1796,188,4,600
1797,7,5,17495
1798,133,3,897
1799,45,4,14396
1800,58,1,380
1801,31,4,3596
1802,23,5,4495
1803,170,2,598
1804,138,1,249
1805,160,3,2697
1806,107,5,3495
1807,181,2,2598
1808,158,4,1400
1809,39,2,798
1810,159,5,1495
1811,82,5,3495
1812,100,2,1598
1813,2,4,219996
1814,77,2,398
1815,12,5,12495
1816,39,5,1995
1817,194,3,2397
1818,13,3,11997
1819,46,1,399
1820,155,5,1995
1821,113,3,1497
1822,17,2,1998
1823,104,4,15996
1824,98,2,1798
1825,188,4,600
1826,192,3,597
1827,88,1,250
1828,109,2,90000
1829,163,2,11000
1830,70,2,1198
1831,158,4,1400
1832,199,3,5697
1833,74,2,1598
1834,63,2,998
1835,156,1,600
1836,60,1,250
1837,79,3,1497
1838,37,3,1047
1839,22,5,24995
1840,196,1,1500
1841,148,5,3995
1842,96,4,1596
1843,68,5,1745
1844,192,2,398
1845,17,5,4995
1846,12,3,7497
1847,150,4,1996
1848,145,2,2598
1849,138,5,1245
1850,118,4,3196
1851,193,4,1196
1852,22,2,9998
1853,120,5,1495
1854,50,4,9196
1855,14,4,7596
1856,192,1,199
1857,175,4,2796
1858,29,1,599
1859,164,5,1245
1860,180,5,4495
1861,125,5,1495
1862,7,3,10497
1863,29,5,2995
1864,139,4,796
1865,33,2,2998
1866,134,1,99
1867,111,3,3897
1868,79,5,2495
1869,160,5,4495
1870,179,2,4598
1871,58,2,760
1872,26,3,8997
1873,174,1,1599
1874,29,5,2995
1875,4,3,3897
1876,99,4,796
1877,141,4,1596
1878,39,3,1197
1879,15,5,17995
1880,119,3,1797
1881,29,5,2995
1882,157,2,500
1883,75,3,14997
1884,116,5,2495
1885,32,3,1497
1886,130,3,4497
1887,175,5,3495
1888,84,5,1995
1889,22,1,4999
1890,27,3,2397
1891,195,4,9196
1892,81,3,3897
1893,126,3,2697
1894,184,5,2995
1895,92,3,3897
1896,21,3,22500
1897,47,4,1996
1898,101,5,12495
1899,187,3,1047
1900,84,2,798
1901,6,1,2899
1902,147,4,1196
1903,185,3,897
1904,197,2,798
1905,131,3,450
1906,1,3,74997
1907,58,5,1900
1908,124,5,7495
1909,166,5,14495
1910,15,2,7198
1911,162,3,447
1912,189,1,99
1913,163,4,22000
1914,64,5,7500
1915,25,5,62500
1916,24,3,3897
1917,12,3,7497
1918,18,2,2998
1919,15,2,7198
1920,27,5,3995
1921,72,3,2697
1922,60,1,250
1923,174,4,6396
1924,145,3,3897
1925,93,3,897
1926,53,2,998
1927,8,4,19996
1928,79,5,2495
1929,27,3,2397
1930,174,5,7995
1931,50,3,6897
1932,199,5,9495
1933,131,4,600
1934,93,2,598
1935,192,4,796
1936,172,1,1299
1937,181,2,2598
1938,24,4,5196
1939,60,1,250
1940,122,3,597
1941,131,3,450
1942,148,5,3995
1943,46,2,798
1944,15,3,10797
1945,153,2,2400
1946,199,3,5697
1947,17,5,4995
1948,126,4,3596
1949,84,5,1995
1950,9,1,52000
1951,166,3,8697
1952,176,1,299
1953,188,1,150
1954,63,2,998
1955,117,3,5997
1956,130,1,1499
1957,88,4,1000
1958,72,1,899
1959,139,4,796
1960,64,2,3000
1961,72,1,899
1962,21,5,37500
1963,18,2,2998
1964,64,4,6000
1965,82,2,1398
1966,110,1,1299
1967,95,3,450
1968,166,3,8697
1969,32,4,1996
1970,11,4,5196
1971,45,3,10797
1972,33,4,5996
1973,102,2,9998
1974,169,5,2495
1975,136,5,1495
1976,11,2,2598
1977,179,5,11495
1978,88,1,250
1979,41,2,1998
1980,145,4,5196
1981,76,2,1198
1982,121,3,2097
1983,46,4,1596
1984,160,3,2697
1985,80,4,796
1986,54,5,995
1987,86,2,498
1988,92,1,1299
1989,148,4,3196
1990,161,4,1196
1991,168,3,1047
1992,160,5,4495
1993,97,3,1047
1994,2,3,164997
1995,33,5,7495
1996,158,1,350
1997,161,3,897
1998,77,3,597
1999,116,4,1996
2000,154,5,2495
2001,150,2,998
2002,103,1,1999
2003,194,1,799
2004,166,5,14495
2005,103,4,7996
2006,90,4,5996
2007,174,5,7995
2008,122,4,796
2009,143,1,1599
2010,106,1,1500
2011,119,2,1198
2012,172,5,6495
2013,49,3,4497
2014,104,3,11997
2015,61,2,998
2016,195,2,4598
2017,123,4,7596
2018,134,2,198
2019,9,2,104000
2020,6,3,8697
2021,73,4,1996
2022,103,2,3998
2023,160,2,1798
2024,41,4,3996
2025,114,5,1995
2026,8,4,19996
2027,72,3,2697
2028,178,5,7495
2029,92,1,1299
2030,62,4,796
2031,84,3,1197
2032,62,5,995
2033,111,4,5196
2034,127,2,998
2035,7,4,13996
2036,84,1,399
2037,132,4,1996
2038,134,5,495
2039,58,5,1900
2040,22,4,19996
2041,154,5,2495
2042,127,2,998
2043,3,4,18396
2044,127,2,998
2045,41,2,1998
2046,188,3,450
2047,106,4,6000
2048,14,5,9495
2049,12,2,4998
2050,87,3,2997
2051,12,4,9996
2052,141,4,1596
2053,25,1,12500
2054,45,1,3599
2055,122,2,398
2056,147,1,299
2057,55,2,1198
2058,100,5,3995
2059,173,2,300
2060,136,1,299
2061,119,5,2995
2062,53,1,499
2063,183,2,1798
2064,32,3,1497
2065,51,4,1596
2066,44,1,1299
2067,82,2,1398
2068,198,5,745
2069,146,1,349
2070,150,1,499
2071,37,4,1396
2072,96,2,798
2073,56,3,1350
2074,105,5,4995
2075,59,2,1598
2076,131,5,750
2077,156,1,600
2078,35,4,2796
2079,189,4,396
2080,93,3,897
2081,182,4,1996
2082,191,1,299
2083,97,3,1047
2084,135,2,300
2085,76,4,2396
2086,49,3,4497
2087,94,1,599
2088,159,5,1495
2089,186,5,2495
2090,189,1,99
2091,24,1,1299
2092,148,5,3995
2093,37,3,1047
2094,4,5,6495
2095,108,1,8999
2096,126,4,3596
2097,20,2,9998
2098,188,4,600
2099,152,4,796
2100,50,1,2299
2101,177,5,750
2102,179,3,6897
2103,96,4,1596
2104,105,5,4995
2105,164,3,747
2106,117,4,7996
2107,98,3,2697
2108,66,5,1495
2109,79,2,998
2110,162,5,745
2111,164,1,249
2112,6,3,8697
2113,39,2,798
2114,170,3,897
2115,115,3,2397
2116,186,4,1996
2117,125,1,299
2118,12,3,7497
2119,131,5,750
2120,18,5,7495
2121,40,4,4796
2122,21,1,7500
2123,143,1,1599
2124,99,5,995
2125,26,2,5998
2126,8,4,19996
2127,100,4,3196
2128,87,5,4995
2129,42,5,12495
2130,172,2,2598
2131,14,2,3798
2132,78,1,1299
2133,2,4,219996
2134,119,4,2396
2135,37,5,1745
2136,69,1,699
2137,166,4,11596
2138,41,1,999
2139,62,1,199
2140,60,5,1250
2141,125,1,299
2142,111,2,2598
2143,14,2,3798
2144,84,3,1197
2145,130,5,7495
2146,70,3,1797
2147,145,2,2598
2148,123,3,5697
2149,89,5,750
2150,28,5,7495
2151,66,1,299
2152,163,4,22000
2153,5,1,7999
2154,193,5,1495
2155,168,2,698
2156,184,2,1198
2157,164,1,249
2158,45,5,17995
2159,151,2,700
2160,47,5,2495
2161,31,2,1798
2162,139,5,995
2163,10,3,43500
2164,195,5,11495
2165,118,5,3995
2166,14,1,1899
2167,80,3,597
2168,93,4,1196
2169,10,1,14500
2170,76,4,2396
2171,94,2,1198
2172,105,4,3996
2173,1,5,124995
2174,133,4,1196
2175,20,1,4999
2176,8,1,4999
2177,171,4,796
2178,1,1,24999
2179,57,1,350
2180,64,4,6000
2181,118,3,2397
2182,28,3,4497
2183,121,2,1398
2184,107,1,699
2185,165,4,1596
2186,175,1,699
2187,165,5,1995
2188,49,1,1499
2189,120,1,299
2190,44,3,3897
2191,56,4,1800
2192,156,1,600
2193,111,3,3897
2194,134,2,198
2195,108,3,26997
2196,189,3,297
2197,148,3,2397
2198,114,1,399
2199,78,1,1299
2200,130,2,2998
2201,37,5,1745
2202,20,5,24995
2203,26,5,14995
2204,29,2,1198
2205,1,5,124995
2206,119,5,2995
2207,35,3,2097
2208,198,1,149
2209,59,1,799
2210,69,3,2097
2211,161,3,897
2212,179,3,6897
2213,12,1,2499
2214,20,5,24995
2215,181,3,3897
2216,43,2,1598
2217,126,3,2697
2218,50,4,9196
2219,29,3,1797
2220,185,1,299
2221,39,3,1197
2222,184,4,2396
2223,171,2,398
2224,178,5,7495
2225,151,3,1050
2226,172,4,5196
2227,38,4,2396
2228,84,2,798
2229,151,1,350
2230,128,3,1797
2231,126,4,3596
2232,45,2,7198
2233,52,5,1495
2234,80,4,796
2235,178,2,2998
2236,124,1,1499
2237,119,1,599
2238,8,4,19996
2239,85,4,1196
2240,129,3,2397
2241,8,2,9998
2242,157,4,1000
2243,96,3,1197
2244,102,3,14997
2245,5,4,31996
2246,86,1,249
2247,175,2,1398
2248,34,2,2598
2249,193,1,299
2250,55,4,2396
2251,119,2,1198
2252,171,4,796
2253,158,4,1400
2254,114,3,1197
2255,145,1,1299
2256,26,4,11996
2257,136,5,1495
2258,47,1,499
2259,113,2,998
2260,76,3,1797
2261,72,2,1798
2262,89,2,300
2263,46,1,399
2264,196,2,3000
2265,33,4,5996
2266,1,2,49998
2267,147,3,897
2268,31,3,2697
2269,142,5,2995
2270,53,3,1497
2271,48,2,498
2272,69,3,2097
2273,105,1,999
2274,90,3,4497
2275,190,4,4796
2276,194,1,799
2277,192,5,995
2278,198,4,596
2279,63,2,998
2280,73,2,998
2281,161,2,598
2282,169,4,1996
2283,89,4,600
2284,176,4,1196
2285,13,1,3999
2286,73,1,499
2287,77,2,398
2288,159,3,897
2289,68,2,698
2290,98,5,4495
2291,125,1,299
2292,102,4,19996
2293,132,1,499
2294,102,4,19996
2295,19,5,16495
2296,198,5,745
2297,82,1,699
2298,141,4,1596
2299,23,5,4495
2300,83,2,398
2301,109,2,90000
2302,75,4,19996
2303,129,1,799
2304,88,5,1250
2305,54,1,199
2306,199,2,3798
2307,89,5,750
2308,143,1,1599
2309,65,3,2697
2310,76,4,2396
2311,199,4,7596
2312,143,3,4797
2313,149,2,998
2314,147,5,1495
2315,60,4,1000
2316,93,3,897
2317,161,3,897
2318,49,2,2998
2319,35,2,1398
2320,172,1,1299
2321,102,4,19996
2322,11,1,1299
2323,99,3,597
2324,200,5,1245
2325,110,5,6495
2326,74,2,1598
2327,194,5,3995
2328,174,5,7995
2329,9,5,260000
2330,3,3,13797
2331,85,5,1495
2332,26,5,14995
2333,72,5,4495
2334,48,1,249
2335,194,3,2397
2336,198,2,298
2337,156,1,600
2338,117,4,7996
2339,154,3,1497
2340,153,3,3600
2341,12,4,9996
2342,133,4,1196
2343,48,4,996
2344,37,2,698
2345,44,5,6495
2346,15,3,10797
2347,43,5,3995
2348,176,5,1495
2349,87,4,3996
2350,70,2,1198
2351,46,1,399
2352,108,2,17998
2353,123,5,9495
2354,171,2,398
2355,21,4,30000
2356,151,1,350
2357,107,4,2796
2358,80,1,199
2359,47,5,2495
2360,117,1,1999
2361,124,1,1499
2362,143,1,1599
2363,25,2,25000
2364,36,2,1598
2365,51,5,1995
2366,15,1,3599
2367,68,3,1047
2368,21,5,37500
2369,141,1,399
2370,19,1,3299
2371,34,2,2598
2372,78,5,6495
2373,125,1,299
2374,196,1,1500
2375,117,5,9995
2376,52,3,897
2377,27,5,3995
2378,157,5,1250
2379,156,3,1800
2380,35,5,3495
2381,136,1,299
2382,144,5,2495
2383,106,3,4500
2384,164,4,996
2385,158,5,1750
2386,146,2,698
2387,2,1,54999
2388,177,1,150
2389,77,2,398
2390,132,2,998
2391,90,5,7495
2392,89,2,300
2393,94,4,2396
2394,7,3,10497
2395,95,2,300
2396,108,2,17998
2397,74,4,3196
2398,39,1,399
2399,141,1,399
2400,159,5,1495
2401,71,4,1596
2402,191,3,897
2403,56,3,1350
2404,170,4,1196
2405,189,3,297
2406,42,1,2499
2407,184,3,1797
2408,36,3,2397
2409,84,4,1596
2410,196,4,6000
2411,118,3,2397
2412,7,2,6998
2413,54,4,796
2414,129,5,3995
2415,172,5,6495
2416,120,1,299
2417,173,3,450
2418,106,2,3000
2419,47,1,499
2420,123,3,5697
2421,141,4,1596
2422,119,5,2995
2423,150,2,998
2424,118,5,3995
2425,21,4,30000
2426,137,3,1047
2427,26,4,11996
2428,9,4,208000
2429,15,5,17995
2430,10,2,29000
2431,122,4,796
2432,121,5,3495
2433,125,2,598
2434,170,3,897
2435,72,3,2697
2436,152,1,199
2437,49,5,7495
2438,154,2,998
2439,91,4,1996
2440,37,3,1047
2441,68,2,698
2442,50,5,11495
2443,152,1,199
2444,19,3,9897
2445,100,2,1598
2446,60,2,500
2447,167,2,398
2448,89,5,750
2449,146,5,1745
2450,147,5,1495
2451,164,4,996
2452,183,2,1798
2453,69,3,2097
2454,175,5,3495
2455,49,5,7495
2456,108,2,17998
2457,161,5,1495
2458,119,4,2396
2459,149,4,1996
2460,150,5,2495
2461,176,2,598
2462,37,2,698
2463,143,2,3198
2464,163,1,5500
2465,199,5,9495
2466,160,2,1798
2467,11,4,5196
2468,138,3,747
2469,78,3,3897
2470,77,2,398
2471,185,3,897
2472,153,3,3600
2473,2,1,54999
2474,64,4,6000
2475,35,4,2796
2476,7,1,3499
2477,85,1,299
2478,146,3,1047
2479,67,5,1995
2480,42,3,7497
2481,118,1,799
2482,125,4,1196
2483,167,3,597
2484,169,5,2495
2485,24,3,3897
2486,188,2,300
2487,46,3,1197
2488,19,1,3299
2489,68,4,1396
2490,102,4,19996
2491,42,1,2499
2492,32,2,998
2493,167,1,199
2494,109,3,135000
2495,36,1,799
2496,97,1,349
2497,164,2,498
2498,131,3,450
2499,73,5,2495
2500,136,5,1495
2501,97,4,1396
2502,123,1,1899
2503,70,4,2396
2504,169,2,998
2505,196,5,7500
2506,13,1,3999
2507,49,2,2998
2508,60,2,500
2509,130,1,1499
2510,188,2,300
2511,5,1,7999
2512,172,1,1299
2513,27,3,2397
2514,160,4,3596
2515,149,2,998
2516,8,2,9998
2517,200,3,747
2518,50,3,6897
2519,67,3,1197
2520,44,5,6495
2521,125,5,1495
2522,58,5,1900
2523,3,1,4599
2524,86,2,498
2525,70,4,2396
2526,130,1,1499
2527,172,2,2598
2528,2,2,109998
2529,102,3,14997
2530,35,3,2097
2531,98,1,899
2532,30,3,19500
2533,116,2,998
2534,8,3,14997
2535,150,5,2495
2536,44,3,3897
2537,186,2,998
2538,36,1,799
2539,197,4,1596
2540,77,3,597
2541,31,2,1798
2542,47,4,1996
2543,55,4,2396
2544,106,5,7500
2545,190,4,4796
2546,158,2,700
2547,121,2,1398
2548,55,3,1797
2549,144,3,1497
2550,12,3,7497
2551,145,4,5196
2552,144,4,1996
2553,140,5,495
2554,136,3,897
2555,3,1,4599
2556,144,5,2495
2557,30,1,6500
2558,23,4,3596
2559,92,5,6495
2560,115,5,3995
2561,104,2,7998
2562,118,4,3196
2563,5,4,31996
2564,104,5,19995
2565,108,4,35996
2566,65,5,4495
2567,121,2,1398
2568,30,5,32500
2569,149,4,1996
2570,84,4,1596
2571,198,5,745
2572,150,5,2495
2573,200,5,1245
2574,32,3,1497
2575,161,4,1196
2576,16,4,11996
2577,38,3,1797
2578,142,5,2995
2579,36,2,1598
2580,151,5,1750
2581,114,5,1995
2582,66,3,897
2583,105,4,3996
2584,85,5,1495
2585,2,4,219996
2586,193,1,299
2587,75,4,19996
2588,67,2,798
2589,180,2,1798
2590,190,5,5995
2591,151,4,1400
2592,154,5,2495
2593,196,3,4500
2594,55,2,1198
2595,6,5,14495
2596,163,3,16500
2597,150,5,2495
2598,171,4,796
2599,143,4,6396
2600,86,4,996
2601,60,4,1000
2602,101,1,2499
2603,12,3,7497
2604,49,3,4497
2605,42,4,9996
2606,166,1,2899
2607,82,4,2796
2608,173,1,150
2609,35,4,2796
2610,158,2,700
2611,158,2,700
2612,134,5,495
2613,67,4,1596
2614,80,3,597
2615,7,5,17495
2616,180,2,1798
2617,14,4,7596
2618,73,5,2495
2619,143,4,6396
2620,149,2,998
2621,163,5,27500
2622,66,2,598
2623,91,1,499
2624,130,2,2998
2625,163,4,22000
2626,20,3,14997
2627,10,2,29000
2628,25,3,37500
2629,194,1,799
2630,25,5,62500
2631,54,5,995
2632,33,3,4497
2633,164,5,1245
2634,95,2,300
2635,14,3,5697
2636,65,4,3596
2637,110,2,2598
2638,80,2,398
2639,54,2,398
2640,125,4,1196
2641,180,1,899
2642,131,5,750
2643,169,3,1497
2644,134,1,99
2645,25,3,37500
2646,141,5,1995
2647,117,4,7996
2648,136,2,598
2649,149,2,998
2650,196,4,6000
2651,25,1,12500
2652,79,1,499
2653,68,3,1047
2654,173,4,600
2655,188,1,150
2656,12,4,9996
2657,32,5,2495
2658,128,2,1198
2659,96,2,798
2660,92,2,2598
2661,141,4,1596
2662,31,4,3596
2663,78,3,3897
2664,20,2,9998
2665,146,3,1047
2666,60,2,500
2667,191,3,897
2668,134,3,297
2669,160,5,4495
2670,93,3,897
2671,43,4,3196
2672,130,3,4497
2673,60,2,500
2674,151,3,1050
2675,31,1,899
2676,5,2,15998
2677,162,1,149
2678,10,2,29000
2679,89,4,600
2680,130,4,5996
2681,126,4,3596
2682,11,1,1299
2683,178,5,7495
2684,159,2,598
2685,56,4,1800
2686,83,2,398
2687,137,1,349
2688,99,5,995
2689,149,1,499
2690,73,2,998
2691,156,5,3000
2692,190,5,5995
2693,115,1,799
2694,7,4,13996
2695,80,2,398
2696,144,3,1497
2697,97,3,1047
2698,4,1,1299
2699,4,2,2598
2700,103,2,3998
2701,40,1,1199
2702,17,2,1998
2703,101,4,9996
2704,103,1,1999
2705,124,4,5996
2706,52,2,598
2707,52,1,299
2708,164,2,498
2709,124,1,1499
2710,166,2,5798
2711,178,4,5996
2712,63,4,1996
2713,116,2,998
2714,191,1,299
2715,62,3,597
2716,7,4,13996
2717,155,4,1596
2718,92,3,3897
2719,14,2,3798
2720,199,1,1899
2721,86,2,498
2722,133,5,1495
2723,183,4,3596
2724,130,5,7495
2725,62,4,796
2726,149,4,1996
2727,79,5,2495
2728,149,5,2495
2729,138,2,498
2730,58,5,1900
2731,120,2,598
2732,167,2,398
2733,133,2,598
2734,65,4,3596
2735,13,4,15996
2736,181,5,6495
2737,82,4,2796
2738,173,5,750
2739,160,4,3596
2740,164,1,249
2741,188,1,150
2742,139,5,995
2743,191,4,1196
2744,149,4,1996
2745,52,2,598
2746,183,3,2697
2747,117,5,9995
2748,26,3,8997
2749,196,3,4500
2750,34,5,6495
2751,52,4,1196
2752,112,5,19995
2753,82,3,2097
2754,180,4,3596
2755,157,1,250
2756,166,5,14495
2757,42,5,12495
2758,21,4,30000
2759,42,1,2499
2760,141,1,399
2761,113,4,1996
2762,105,2,1998
2763,192,5,995
2764,17,5,4995
2765,120,3,897
2766,137,4,1396
2767,169,3,1497
2768,129,3,2397
2769,130,1,1499
2770,60,5,1250
2771,48,3,747
2772,29,1,599
2773,97,4,1396
2774,10,3,43500
2775,58,5,1900
2776,188,3,450
2777,21,4,30000
2778,28,3,4497
2779,34,5,6495
2780,8,1,4999
2781,187,5,1745
2782,200,1,249
2783,177,2,300
2784,79,5,2495
2785,145,5,6495
2786,188,4,600
2787,87,3,2997
2788,88,1,250
2789,173,1,150
2790,69,4,2796
2791,160,4,3596
2792,172,3,3897
2793,193,3,897
2794,87,5,4995
2795,101,2,4998
2796,8,3,14997
2797,77,4,796
2798,200,3,747
2799,87,1,999
2800,43,2,1598
2801,129,5,3995
2802,109,1,45000
2803,179,1,2299
2804,152,2,398
2805,152,5,995
2806,17,4,3996
2807,133,5,1495
2808,148,3,2397
2809,21,1,7500
2810,58,3,1140
2811,159,4,1196
2812,110,3,3897
2813,139,5,995
2814,180,3,2697
2815,143,4,6396
2816,135,4,600
2817,28,4,5996
2818,51,5,1995
2819,186,4,1996
2820,5,1,7999
2821,5,4,31996
2822,94,3,1797
2823,96,3,1197
2824,8,3,14997
2825,64,5,7500
2826,138,3,747
2827,38,5,2995
2828,111,5,6495
2829,112,4,15996
2830,81,1,1299
2831,136,4,1196
2832,104,4,15996
2833,153,5,6000
2834,73,5,2495
2835,194,3,2397
2836,178,3,4497
2837,195,4,9196
2838,49,2,2998
2839,36,2,1598
2840,126,3,2697
2841,68,2,698
2842,78,3,3897
2843,105,5,4995
2844,169,4,1996
2845,122,1,199
2846,119,4,2396
2847,190,3,3597
2848,114,3,1197
2849,10,4,58000
2850,149,3,1497
2851,164,2,498
2852,140,2,198
2853,91,3,1497
2854,2,3,164997
2855,118,2,1598
2856,13,3,11997
2857,181,3,3897
2858,160,4,3596
2859,95,1,150
2860,144,2,998
2861,32,4,1996
2862,32,1,499
2863,124,3,4497
2864,11,3,3897
2865,10,4,58000
2866,15,3,10797
2867,17,5,4995
2868,168,4,1396
2869,146,1,349
2870,183,4,3596
2871,153,2,2400
2872,59,4,3196
2873,78,3,3897
2874,124,3,4497
2875,114,5,1995
2876,22,5,24995
2877,158,5,1750
2878,172,1,1299
2879,32,5,2495
2880,179,1,2299
2881,174,5,7995
2882,113,1,499
2883,120,4,1196
2884,149,4,1996
2885,122,3,597
2886,32,1,499
2887,119,2,1198
2888,39,3,1197
2889,12,4,9996
2890,175,1,699
2891,18,5,7495
2892,149,2,998
2893,141,4,1596
2894,149,3,1497
2895,126,1,899
2896,136,2,598
2897,46,1,399
2898,104,5,19995
2899,135,3,450
2900,151,1,350
2901,86,4,996
2902,150,3,1497
2903,89,4,600
2904,22,1,4999
2905,92,3,3897
2906,29,4,2396
2907,13,5,19995
2908,2,5,274995
2909,29,1,599
2910,180,3,2697
2911,27,2,1598
2912,50,3,6897
2913,95,5,750
2914,151,4,1400
2915,88,2,500
2916,44,1,1299
2917,22,2,9998
2918,171,1,199
2919,165,2,798
2920,189,1,99
2921,97,1,349
2922,184,2,1198
2923,3,2,9198
2924,191,1,299
2925,118,5,3995
2926,19,2,6598
2927,23,3,2697
2928,157,4,1000
2929,30,1,6500
2930,39,1,399
2931,108,4,35996
2932,111,5,6495
2933,25,4,50000
2934,128,2,1198
2935,111,4,5196
2936,136,1,299
2937,106,4,6000
2938,186,3,1497
2939,144,2,998
2940,72,4,3596
2941,129,1,799
2942,108,2,17998
2943,5,1,7999
2944,3,5,22995
2945,193,3,897
2946,132,5,2495
2947,104,3,11997
2948,64,4,6000
2949,106,2,3000
2950,98,4,3596
2951,10,3,43500
2952,149,3,1497
2953,128,3,1797
2954,46,1,399
2955,155,2,798
2956,66,4,1196
2957,169,4,1996
2958,112,5,19995
2959,13,3,11997
2960,137,3,1047
2961,164,3,747
2962,86,4,996
2963,90,5,7495
2964,58,1,380
2965,54,2,398
2966,12,1,2499
2967,14,4,7596
2968,121,3,2097
2969,162,2,298
2970,181,4,5196
2971,121,4,2796
2972,20,4,19996
2973,75,2,9998
2974,144,2,998
2975,70,5,2995
2976,56,5,2250
2977,101,1,2499
2978,186,2,998
2979,132,2,998
2980,111,2,2598
2981,125,5,1495
2982,132,4,1996
2983,20,3,14997
2984,138,5,1245
2985,24,2,2598
2986,154,5,2495
2987,37,1,349
2988,54,2,398
2989,103,1,1999
2990,149,2,998
2991,38,5,2995
2992,174,4,6396
2993,4,3,3897
2994,188,1,150
2995,57,5,1750
2996,173,4,600
2997,20,5,24995
2998,17,1,999
2999,119,3,1797
3000,71,5,1995
